{"action_modal_initial_load":true,"action_modal_tutorial_complete":true,"chow_tutorial_complete":true,"current_scene":"squadBay","day":1,"first_mission_alert_complete":true,"high_score0":21250,"high_score1":20320,"high_score2":5600,"hrs":20,"instructor_tutorial_complete":true,"instructors":[{"adapt":0.0,"bladder":95.27989196777344,"charisma":0.0,"commitment":1.0,"confidence":100.0,"courage":0.0,"discipline":16.870018005371094,"energy":95.46014404296875,"experience":0.0,"health":76.8700180053711,"honor":0.0,"hunger":-4.309998512268066,"hygiene":16.870018005371094,"iq":0.0,"marksman":0.0,"name":"Ssgt. Hart","race":6,"speed":1.0,"stamina":0.0,"strength":1.0,"thirst":-4.309998512268066,"thoughts":["","",""]},{"adapt":0.0,"bladder":95.27989196777344,"charisma":100.0,"commitment":100.0,"confidence":100.0,"courage":100.0,"discipline":16.870018005371094,"energy":26.460031509399414,"experience":0.0,"health":67.8700180053711,"honor":100.0,"hunger":-4.309998512268066,"hygiene":16.870018005371094,"iq":100.0,"marksman":100.0,"name":"Sgt. Jamir","race":3,"speed":100.0,"stamina":100.0,"strength":100.0,"thirst":35.68999099731445,"thoughts":["","",""]},{"adapt":0.0,"bladder":95.27989196777344,"charisma":100.0,"commitment":100.0,"confidence":100.0,"courage":100.0,"discipline":16.870018005371094,"energy":11.459975242614746,"experience":0.0,"health":76.8700180053711,"honor":100.0,"hunger":-4.309998512268066,"hygiene":16.870018005371094,"iq":100.0,"marksman":100.0,"name":"Sgt. Conor","race":3,"speed":100.0,"stamina":100.0,"strength":100.0,"thirst":-4.309998512268066,"thoughts":["","",""]},{"adapt":0.0,"bladder":95.27989196777344,"charisma":100.0,"commitment":100.0,"confidence":100.0,"courage":100.0,"discipline":16.870018005371094,"energy":33.45991897583008,"experience":0.0,"health":47.870018005371094,"honor":100.0,"hunger":-4.309998512268066,"hygiene":16.870018005371094,"iq":100.0,"marksman":100.0,"name":"Sgt. Jensen","race":8,"speed":100.0,"stamina":100.0,"strength":100.0,"thirst":-4.309998512268066,"thoughts":["","",""]}],"mins":67,"name":"Hart","open_tutorial":true,"parade_deck_tutorial_complete":true,"progress":{"mission_control":[{"end_date":2,"end_game":true,"id":352751776,"menu_items":["Go to early chow.","Go to PT.","Go to Parade Deck."],"missions":[{"description":"Take platoon to chow hall  between 05:30 and 08:30. ","id":"early_chow","objective":{"data0":0,"data1":-1,"day":0,"input":false,"max_hrs":8,"max_mins":30,"min_hrs":5,"min_score":0,"resolved":true,"scene":0,"score":false,"status":1,"update":false}},{"description":"Take platoon to PT field   at any before 19:00. ","id":"atlc_pt","objective":{"data0":-1,"data1":-1,"day":0,"input":false,"max_hrs":19,"max_mins":0,"min_hrs":0,"min_score":0,"resolved":true,"scene":2,"score":false,"status":1,"update":false}},{"description":"Take platoon to Parade      Deck anytime between      07:00 and 16:00","id":"atlc_parade_deck","objective":{"data0":-1,"data1":-1,"day":0,"input":false,"max_hrs":16,"max_mins":0,"min_hrs":7,"min_score":0,"resolved":true,"scene":1,"score":false,"status":1,"update":false}}],"resolved":false,"start_date":0,"status":0,"title":"Around The Learning Curve"},{"end_date":2,"end_game":true,"id":352751808,"menu_items":["Go to early PT.","Go to afternoon PT.","Go to Late PT"],"missions":[{"description":"Take platoon to PT field   between 05:00 and 11:00. ","id":"fire_pt_1","objective":{"data0":-1,"data1":-1,"day":1,"input":false,"max_hrs":11,"max_mins":0,"min_hrs":5,"min_score":0,"resolved":true,"scene":2,"score":false,"status":1,"update":false}},{"description":"Take platoon to PT field   between 13:00 and 16:00. ","id":"fire_pt_2","objective":{"data0":-1,"data1":-1,"day":1,"input":false,"max_hrs":16,"max_mins":0,"min_hrs":13,"min_score":0,"resolved":true,"scene":2,"score":false,"status":1,"update":false}},{"description":"Take platoon to PT field   between 16:00 and 19:00. ","id":"fire_pt_3","objective":{"data0":-1,"data1":-1,"day":1,"input":false,"max_hrs":19,"max_mins":0,"min_hrs":16,"min_score":0,"resolved":true,"scene":2,"score":false,"status":1,"update":false}}],"resolved":false,"start_date":0,"status":0,"title":"Oh yeah! Give me some! PT!"},{"end_date":2,"end_game":true,"id":352439232,"menu_items":["Score 10000 at PT","Score 10000 at Chow","Score 10000 at Drill"],"missions":[{"description":"Score 10000 points on the  PT Field","id":"10000_pt","objective":{"data0":-1,"data1":-1,"day":1,"input":false,"max_hrs":24,"max_mins":0,"min_hrs":0,"min_score":3000,"resolved":true,"scene":1,"score":true,"status":1,"update":false}},{"description":"Score 10000 points in the  Chow Hall","id":"10000_chow","objective":{"data0":-1,"data1":-1,"day":1,"input":false,"max_hrs":24,"max_mins":0,"min_hrs":0,"min_score":3000,"resolved":true,"scene":0,"score":true,"status":1,"update":false}},{"description":"Score 10000 points on the  Parade Deck","id":"10000_drill","objective":{"data0":-1,"data1":-1,"day":1,"input":false,"max_hrs":24,"max_mins":0,"min_hrs":0,"min_score":3000,"resolved":true,"scene":2,"score":true,"status":1,"update":false}}],"resolved":false,"start_date":0,"status":0,"title":"Don't give up your day job"},{"end_date":2,"end_game":true,"id":352439264,"menu_items":["Discipline all recruits","Clean the Squad Bay","Lights out by 23:00"],"missions":[{"description":"0/12 recruits disciplined.","id":"destroy_recruits","objective":{"data0":0,"data1":-1,"day":3,"input":true,"max_hrs":24,"max_mins":0,"min_hrs":0,"min_score":0,"resolved":false,"scene":0,"score":false,"status":0,"update":false}},{"description":"0/120/12 messes swept","id":"clean_squad_bay","objective":{"data0":0,"data1":-1,"day":3,"input":true,"max_hrs":24,"max_mins":0,"min_hrs":0,"min_score":0,"resolved":false,"scene":0,"score":false,"status":0,"update":false}},{"description":"Give lights out command    before 23:00","id":"field_day_lights_out","objective":{"data0":-1,"data1":-1,"day":3,"input":false,"max_hrs":23,"max_mins":0,"min_hrs":0,"min_score":0,"resolved":true,"scene":-1,"score":false,"status":1,"update":false}}],"resolved":false,"start_date":0,"status":0,"title":"This house better sparkle"},{"end_date":2,"end_game":true,"id":352439200,"menu_items":["Speed to level 5","Strength to levels 5","Stamina to levels 5"],"missions":[{"description":"","id":"levels","objective":{"data0":0,"data1":5,"day":30,"input":false,"max_hrs":0,"max_mins":0,"min_hrs":0,"min_score":0,"resolved":false,"scene":0,"score":false,"status":0,"update":true}},{"description":"","id":"levels","objective":{"data0":1,"data1":5,"day":30,"input":false,"max_hrs":0,"max_mins":0,"min_hrs":0,"min_score":0,"resolved":false,"scene":0,"score":false,"status":0,"update":true}},{"description":"","id":"levels","objective":{"data0":2,"data1":5,"day":30,"input":false,"max_hrs":0,"max_mins":0,"min_hrs":0,"min_score":0,"resolved":false,"scene":0,"score":false,"status":0,"update":true}}],"resolved":false,"start_date":0,"status":0,"title":"A long road but worth it"}]},"pt_field_tutorial_complete":true,"recruit_tutorial_complete":true,"recruits":[{"adapt":0.0,"bladder":95.27989196777344,"charisma":1.0,"commitment":2.0,"confidence":100.0,"courage":1.0,"discipline":41.870018005371094,"energy":5.759974479675293,"experience":0.0,"health":75.8700180053711,"honor":2.0,"hunger":-4.309998512268066,"hygiene":83.8700180053711,"iq":2.0,"marksman":3.0,"name":"Rct. Craig","race":3,"speed":6.0,"stamina":5.0,"strength":6.0,"thirst":72.69021606445313,"thoughts":[" I'm so tired."," I'm so tired.","14:53 This sucks!"]},{"adapt":0.0,"bladder":95.27989196777344,"charisma":3.0,"commitment":2.0,"confidence":100.0,"courage":0.0,"discipline":16.870018005371094,"energy":58.759918212890625,"experience":0.0,"health":75.8700180053711,"honor":1.0,"hunger":-4.309998512268066,"hygiene":83.8700180053711,"iq":3.0,"marksman":2.0,"name":"Rct. Braiden","race":5,"speed":6.0,"stamina":5.0,"strength":6.0,"thirst":72.69021606445313,"thoughts":[" I'm so tired."," I'm so tired.","15:31 I'm so tired."]},{"adapt":0.0,